Chromosome,Wide peak start,Wide peak end,amp/del,2q3,Wide Peak Limits,Peak Limits,Region Limits,q values,Residual q values after removing segments shared with higher peaks,Description with number,Description,Comment,Unnamed: 13,Deep Del,Shallow Del,Neutral,Low Gain,High Gain,% Deep Del,% Shallow Del,% Neutral,% Low Gain,% High Gain,n_genes,Genes
chr1,39109153,41523062,Amp,1p34.2  ,chr1:39109153-41523062(probes 13414:14406)        ,chr1:40147908-40163891(probes 13846:13850)        ,chr1:35030929-47199294(probes 11995:16640)        ,1.2800000000000001e-21,6.5e-16,1p34.2(MYCL1) [41],1p34.2(MYCL1),,,0,50,212,172,55,0.0%,10.2%,43.4%,35.2%,11.2%,41,"NFYC(0.66),CAP1(0.65),CTPS(0.64),PPIE(0.63),TRIT1(0.62),RLF(0.61),NDUFS5(0.61),MYCBP(0.59),ZMPSTE24(0.58),SCMH1(0.58),ZNF684(0.54),PPT1(0.53),ZNF642(0.53),PABPC4(0.49),ZNF643(0.48),MACF1(0.47),MYCL1#(0.45),KIAA0754(0.38),RIMS3(0.36),CITED4(0.31),RHBDL2(0.30),COL9A2(0.28),SLFNL1(0.28),BMP8A(0.22),OXCT2(0.18),KCNQ4(0.17),HPCAL4(0.14),TMCO2(0.11),BMP8B(0.09),HEYL(0.06),NT5C1A(0.03),GJA9(0.02),SMAP2(NA),DEM1(NA),AKIRIN1(NA),MFSD2A(NA),MIR30C1(NA),MIR30E(NA),SNORA55(NA),LOC728448(NA),LOC100130557(NA),"
chr1,148646436,149486905,Amp,1q21.2  ,chr1:148646436-149486905(probes 40536:40894)    ,chr1:148763510-148774271(probes 40592:40595)    ,chr1:120326822-155749474(probes 39953:43393)    ,5.19e-18,1.45e-13,1q21.2(MCL1) [28],1q21.2(MCL1),,,0,5,174,255,55,0.0%,1.0%,35.6%,52.1%,11.2%,28,"SETDB1(0.60),ARNT(0.59),TARS2(0.58),VPS72(0.58),GOLPH3L(0.56),PRUNE(0.56),PIP5K1A(0.54),LYSMD1(0.54),ENSA(0.54),SCNM1(0.52),LASS2(0.52),CDC42SE1(0.37),MCL1(0.36),FAM63A(0.36),SEMA6C(0.33),HORMAD1(0.27),BNIPL(0.21),MLLT11(0.19),TMOD4(0.17),ANXA9(0.12),CTSS(0.11),ADAMTSL4(0.11),GABPB2(0.03),TNFAIP8L2(-0.01),CTSK(-0.04),ECM1(-0.06),RPRD2(NA),C1orf56(NA),"
chr1,232526850,233617929,Amp,1q42.3  ,chr1:232526850-233617929(probes 69591:69901)    ,chr1:232793249-232816284(probes 69693:69701)    ,chr1:226774332-240477863(probes 67548:72503)    ,8.67e-07,3.94e-05,1q42.3(IRF2BP2) [10],1q42.3(IRF2BP2),,,0,48,180,233,28,0.0%,9.8%,36.8%,47.6%,5.7%,10,"ARID4B(0.66),RBM34(0.64),GGPS1(0.61),TBCE(0.61),TOMM20(0.57),IRF2BP2(0.54),TARBP1(0.53),SLC35F3(0.24),C1orf31(NA),SNORA14B(NA),"
chr1,154088696,154329131,Amp,1q22    ,chr1:154088696-154329131(probes 42674:42791)    ,chr1:154151308-154154318(probes 42703:42703)    ,chr1:120326822-155749474(probes 39953:43393)    ,3.88e-09,0.0015454,---,---,,,0,9,164,279,37,0.0%,1.8%,33.5%,57.1%,7.6%,13,"GON4L(0.53),UBQLN4(0.48),SSR2(0.48),RIT1(0.40),ARHGEF2(0.40),KIAA0907(0.38),SYT11(0.25),RAB25^#(0.24),MEX3A(0.21),RXFP4(0.06),ROBLD3(NA),SCARNA4(NA),SNORA42(NA),"
chr1,36338557,36480225,Amp,1p34.3  ,chr1:36338557-36480225(probes 12533:12582)        ,chr1:36418988-36436889(probes 12569:12571)        ,chr1:35030929-47199294(probes 11995:16640)        ,2.12e-11,0.003696,1p34.3 [3],1p34.3,,,0,74,217,161,37,0.0%,15.1%,44.4%,32.9%,7.6%,3,"TRAPPC3(0.61),MAP7D1(0.44),THRAP3(0.37),"
chr1,178780208,178854243,Amp,1q25.3  ,chr1:178780208-178854243(probes 51968:51993)    ,chr1:178819532-178827490(probes 51985:51986)    ,chr1:178609363-179102235(probes 51898:52083)    ,0.0014628,0.019701,XPR1 [0],XPR1,,,0,16,195,255,20,0.0%,3.3%,40.1%,52.5%,4.1%,0,[XPR1(0.19502)]
chr1,241440102,247249719,Amp,1q44    ,chr1:241440102-247249719(probes 72690:74689)    ,chr1:242548125-242552725(probes 73148:73148)    ,chr1:241442092-247249719(probes 72691:74689)    ,0.00049851,0.020376,---,---,,AKT3,0,56,181,226,26,0.0%,11.5%,37.0%,46.2%,5.3%,76,"AHCTF1(0.67),SH3BP5L(0.64),ZNF669(0.63),ADSS(0.61),TFB2M(0.57),SDCCAG8(0.54),ZNF672(0.52),FAM36A(0.52),ZNF496(0.52),HNRNPU(0.50),ZNF692(0.48),SCCPDH(0.46),ZNF124(0.45),SMYD3(0.42),ZNF695(0.41),CEP170(0.41),ZNF670(0.40),EFCAB2(0.39),PGBD2(0.38),TRIM58(0.35),ZNF238(0.26),OR2W3(0.26),OR2L2(0.24),OR2T8(0.21),OR2L3(0.21),OR2AK2(0.20),OR2L8(0.20),AKT3|(0.17),OR2M2(0.10),OR2L13(0.09),LOC149134(0.08),OR6F1(0.08),VN1R5(0.08),OR2T12(0.08),OR13G1(0.07),OR2T10(0.07),OR2G3(0.06),OR2T27(0.05),KIF26B(0.05),OR2T1(0.04),OR2T2(0.04),OR2M4(0.03),OR2C3(0.02),OR2W5(0.02),OR2T5(0.02),OR2T29(0.01),OR2M3(0.01),OR2G6(0.00),OR2M5(-0.00),OR2B11(-0.00),OR2G2(-0.01),OR11L1(-0.01),OR2T34(-0.01),OR1C1(-0.01),NLRP3(-0.02),OR2T11(-0.02),OR2T4(-0.04),OR2M7(-0.04),OR2L1P(NA),PPPDE1(NA),OR14C36(NA),C1orf150(NA),LOC148824(NA),CNST(NA),C1orf100(NA),OR2T6(NA),C1orf101(NA),OR14A16(NA),NCRNA00201(NA),OR2T3(NA),C1orf229(NA),OR2M1P(NA),OR2T33(NA),OR14I1(NA),OR2T35(NA),LOC646627(NA),"
chr1,1095521,1467046,Amp,1p36.33 ,chr1:1095521-1467046(probes 66:118)                 ,chr1:1156340-1160598(probes 92:92)                  ,chr1:1-1528108(probes 1:138)                         ,0.017056,0.020376,1p36.33(AURKAIP1) [28],1p36.33(AURKAIP1),,,1,148,146,176,18,0.2%,30.3%,29.9%,36.0%,3.7%,28,"MRPL20(0.63),CPSF3L(0.63),AURKAIP1(0.62),SDF4(0.61),UBE2J2(0.60),CCNL2(0.59),DVL1(0.59),B3GALT6(0.56),ATAD3A(0.56),SSU72(0.54),PUSL1(0.52),LOC148413(0.50),ATAD3B(0.45),VWA1(0.40),FAM132A(0.23),TTLL10(0.21),SCNN1D(0.20),ATAD3C(0.15),TAS1R3(0.12),MXRA8(0.04),TNFRSF18(0.00),TNFRSF4(-0.08),GLTPD1(NA),ACAP3(NA),C1orf70(NA),LOC441869(NA),TMEM88B(NA),LOC100128842(NA),"
chr2,189030591,192069072,Amp,2q32.2  ,chr2:189030591-192069072(probes 129559:130634)  ,chr2:190690473-190750028(probes 130133:130148)  ,chr2:186221336-193232607(probes 128915:130922)  ,6.92e-05,0.0082029,---,---,,,0,53,229,182,25,0.0%,10.8%,46.8%,37.2%,5.1%,22,"WDR75(0.60),ORMDL1(0.57),PMS1(0.55),ASNSD1(0.50),OSGEPL1(0.50),HIBCH(0.44),ANKAR(0.41),NAB1(0.39),INPP1(0.29),GLS(0.29),STAT1(0.27),MYO1B(0.19),GULP1(0.10),SLC40A1(0.10),MSTN(0.09),STAT4(0.02),COL3A1(-0.03),COL5A2(-0.04),DIRC1(-0.09),MFSD6(NA),C2orf88(NA),TMEM194B(NA),"
chr2,28497864,28879745,Amp,2p23.2  ,chr2:28497864-28879745(probes 83258:83399)        ,chr2:28765596-28780858(probes 83361:83363)        ,chr2:28649513-28870533(probes 83312:83395)        ,0.051209,0.074312,PPP1CB [2],PPP1CB,,,1,45,229,194,20,0.2%,9.2%,46.8%,39.7%,4.1%,2,"PPP1CB(0.39),PLB1(0.16),"
chr2,113658200,113809678,Amp,2q13    ,chr2:113658200-113809678(probes 107505:107554)  ,chr2:113737207-113767571(probes 107543:107551)  ,chr2:113692731-113813041(probes 107521:107555)  ,0.079957,0.079957,PAX8 [3],PAX8,,,0,73,245,154,17,0.0%,14.9%,50.1%,31.5%,3.5%,3,"PSD4(0.39),PAX8(0.24),LOC654433(NA),"
chr2,176544739,179048787,Amp,2q31.2  ,chr2:176544739-179048787(probes 125865:126811)  ,chr2:178279792-178289652(probes 126476:126477)  ,chr2:176484517-180106456(probes 125841:127218)  ,0.00072013,0.088129,---,---,,,0,50,235,183,21,0.0%,10.2%,48.1%,37.4%,4.3%,25,"MTX2(0.58),PRKRA(0.57),NFE2L2(0.53),AGPS(0.41),TTC30B(0.40),KIAA1715(0.40),TTC30A(0.37),RBM45(0.34),DFNB59(0.32),FKBP7(0.25),PDE11A(0.24),HOXD1(0.16),HOXD4(0.15),HOXD3(0.11),OSBPL6(0.06),HOXD8(0.02),HOXD10(0.02),HOXD9(-0.01),HOXD12(-0.01),HOXD13(-0.02),EVX2(-0.05),HOXD11(-0.06),HNRNPA3(NA),MIR10B(NA),LOC100130691(NA),"
chr2,41813425,68291342,Amp,2p21    ,chr2:41813425-68291342(probes 88572:96877)        ,chr2:47458215-47484388(probes 90758:90777)        ,chr2:47059267-47589876(probes 90593:90826)        ,0.083173,0.1178,---,---,,,1,38,242,192,16,0.2%,7.8%,49.5%,39.3%,3.3%,117,"MTA3(0.59),FBXO11(0.57),PPM1B(0.55),SRBD1(0.50),MTIF2(0.49),THADA(0.48),MCFD2(0.48),PSME4(0.48),ASB3(0.47),SOCS5(0.47),LRPPRC(0.47),PPP3R1(0.47),EML4(0.47),AFTPH(0.46),XPO1(0.45),ETAA1(0.45),MSH2(0.44),CCT4(0.44),PREPL(0.44),CRIPT(0.44),COMMD1(0.43),COX7A2L(0.43),HSPC159(0.43),PAPOLG(0.43),MSH6(0.43),PNPT1(0.43),ACTR2(0.42),ATP6V1E2(0.42),VPS54(0.41),MDH1(0.41),RHOQ(0.41),SMEK2(0.41),DYNC2LI1(0.41),PEX13(0.40),EHBP1(0.40),CALM2(0.40),WDR92(0.40),UGP2(0.40),RAB1A(0.39),CCDC104(0.39),PIGF(0.39),PNO1(0.38),CEP68(0.38),RPS27A(0.38),ACYP2(0.37),USP34(0.37),RTN4(0.37),PRKCE(0.37),SERTAD2(0.36),C1D(0.35),SPRED2(0.35),FANCL(0.34),SPTBN1(0.33),B3GNT2(0.32),FOXN2(0.30),CCDC88A(0.29),PELI1(0.29),CHAC2(0.29),VRK2(0.29),TMEM17(0.28),MEIS1(0.27),TTC7A(0.26),REL|(0.26),AHSA2(0.26),BCL11A(0.24),ZFP36L2(0.24),SLC1A4(0.22),KIAA1841(0.22),GPR75(0.20),PLEKHH2(0.19),STON1(0.19),KCNG3(0.17),STON1-GTF2A1L(0.16),GTF2A1L(0.12),EPAS1(0.10),SIX3(0.09),OTX1(0.08),LHCGR(0.07),EFEMP1(0.07),SLC3A1(0.06),ABCG8(0.06),HAAO(0.05),SIX2(0.05),ABCG5(0.04),TSPYL6(0.02),OXER1(-0.00),CCDC85A(-0.00),KCNK12(-0.02),NRXN1(-0.02),FSHR(-0.04),EPCAM(NA),ERLEC1(NA),C2orf86(NA),RPL23AP32(NA),C2orf34(NA),FAM161A(NA),SGK493(NA),KLRAQ1(NA),C2orf73(NA),C2orf63(NA),PUS10(NA),C2orf61(NA),C2orf74(NA),PRDXDD1P(NA),LOC388946(NA),LOC388955(NA),EML6(NA),MIR216A(NA),MIR217(NA),MIR559(NA),LOC728819(NA),SNORA70B(NA),MIR216B(NA),LOC100129726(NA),LOC100132215(NA),LOC100134259(NA),LOC100302652(NA),"
chr3,170150840,170280412,Amp,3q26.2  ,chr3:170150840-170280412(probes 198624:198642)  ,chr3:170249939-170257948(probes 198635:198635)  ,chr3:149545155-199501827(probes 192891:208624)  ,7.999999999999999e-63,3.28e-56,MECOM [0],MECOM,,MECOM,0,3,75,279,129,0.0%,0.6%,15.4%,57.4%,26.5%,0,[MECOM^(NA)]
chr3,193926747,199501827,Amp,3q29    ,chr3:193926747-199501827(probes 206733:208624)  ,chr3:197000348-197045818(probes 207790:207796)  ,chr3:149545155-199501827(probes 192891:208624)  ,2.61e-21,2.7e-08,3q29 [59],3q29,,,2,38,109,264,76,0.4%,7.8%,22.3%,54.0%,15.5%,59,"NCBP2(0.72),LSG1(0.72),WDR53(0.71),PAK2(0.66),OPA1(0.66),DLG1(0.66),LRCH3(0.64),RNF168(0.63),PPP1R2(0.62),FYTTD1(0.62),KIAA0226(0.62),LOC152217(0.60),SENP5(0.59),PCYT1A(0.59),RPL35A(0.57),PIGX(0.57),ATP13A3(0.54),LMLN(0.50),SDHALP2(0.47),BDH1(0.46),TMEM44(0.43),HRASLS(0.40),TNK2(0.39),IQCG(0.38),MUC20(0.35),TFRC(0.34),PIGZ(0.32),FAM43A(0.22),MFI2(0.21),FGF12(0.19),MUC4(0.14),LRRC33(0.09),HES1(0.07),APOD(0.04),ATP13A5(0.02),ZDHHC19(0.01),LRRC15(-0.01),TM4SF19(-0.03),LOC348840(-0.04),ATP13A4(-0.04),GP5(-0.07),CPN2(-0.08),ACAP2(NA),UBXN7(NA),MGC2889(NA),C3orf34(NA),C3orf59(NA),C3orf21(NA),OSTalpha(NA),FBXO45(NA),LOC220729(NA),TCTEX1D2(NA),C3orf43(NA),SDHALP1(NA),MIR570(NA),FAM157A(NA),MIR922(NA),LOC100128023(NA),LOC100131551(NA),"
chr3,109082368,109306668,Amp,3q13.12 ,chr3:109082368-109306668(probes 179461:179547)  ,chr3:109154923-109222485(probes 179493:179506)  ,chr3:108341246-111239709(probes 179195:180172)  ,4.89e-05,4.89e-05,CD47 [2],CD47,,,0,26,198,234,31,0.0%,5.3%,40.5%,47.9%,6.3%,2,"CD47(0.38),LOC285205(0.06),"
chr4,72652676,75999993,Amp,4q13.3  ,chr4:72652676-75999993(probes 226887:227824)      ,chr4:74349690-74358603(probes 227353:227354)      ,chr4:71842775-77138383(probes 226584:228190)      ,5.16e-06,5.16e-06,4q13.3(ANKRD17) [26],4q13.3(ANKRD17),,,0,217,176,77,19,0.0%,44.4%,36.0%,15.7%,3.9%,26,"COX18(0.68),ANKRD17(0.63),MTHFD2L(0.52),BTC(0.43),AREG(0.33),ADAMTS3(0.30),RASSF6(0.22),EREG(0.17),IL8(0.16),CXCL2(0.14),CXCL3(0.14),AFP(0.10),AFM(0.09),CXCL5(0.09),NPFFR2(0.09),ALB(0.07),EPGN(0.07),CXCL1(0.06),PF4(0.06),PF4V1(0.05),SLC4A4(0.03),GC(0.03),CXCL6(0.03),PPBPL2(0.02),PPBP(0.01),PPBPL1(NA),"
chr4,1699241,1763076,Amp,4p16.3  ,chr4:1699241-1763076(probes 209112:209125)          ,chr4:1715308-1740300(probes 209117:209119)          ,chr4:418733-2997908(probes 208703:209607)            ,1.65e-05,1.65e-05,TACC3 [1],TACC3,,,1,190,157,119,22,0.2%,38.9%,32.1%,24.3%,4.5%,1,"TACC3(0.49),"
chr5,327309,1501683,Amp,5p15.33 ,chr5:327309-1501683(probes 260438:260653)            ,chr5:1194941-1212857(probes 260552:260554)          ,chr5:1-17221443(probes 260403:265314)               ,7.01e-09,7.01e-09,5p15.33(TERT) [19],5p15.33(TERT),,,0,57,173,214,45,0.0%,11.7%,35.4%,43.8%,9.2%,19,"CLPTM1L(0.69),EXOC3(0.64),PDCD6(0.64),BRD9(0.60),TRIP13(0.54),CEP72(0.50),SLC12A7(0.49),ZDHHC11(0.24),TPPP(0.23),AHRR(0.21),NKD2(0.09),TERT(0.08),SLC6A19(0.06),SLC9A3(0.05),SLC6A3(0.04),SLC6A18(0.03),LOC25845(NA),C5orf55(NA),LOC100310782(NA),"
chr5,21598644,45107526,Amp,5p13.2  ,chr5:21598644-45107526(probes 266169:272334)      ,chr5:36577534-36587993(probes 269900:269900)      ,chr5:36577534-36609389(probes 269900:269903)      ,0.24065,0.24065,5p13.2(SKP2) [80],5p13.2(SKP2),,,0,51,216,196,26,0.0%,10.4%,44.2%,40.1%,5.3%,80,"MTMR12(0.60),WDR70(0.60),SUB1(0.60),GOLPH3(0.60),PAIP1(0.59),ZNF131(0.58),TARS(0.57),LMBRD2(0.56),NIPBL(0.56),RAD1(0.54),NUP155(0.52),RNASEN(0.49),RICTOR(0.49),PRKAA1(0.48),MRPS30(0.46),RPL37(0.45),AMACR(0.45),NNT(0.43),TTC33(0.41),SKP2|(0.40),ZFR(0.40),HMGCS1(0.38),LIFR(0.37),OXCT1(0.36),CCL28(0.32),FBXO4(0.31),RAI14(0.30),PRLR(0.23),SLC1A3(0.23),PDZD2(0.22),PTGER4(0.22),CDH12(0.20),MGC42105(0.19),SEPP1(0.19),OSMR(0.18),CDH6(0.17),CARD6(0.15),SPEF2(0.13),NPR3(0.13),LOC153684(0.12),C9(0.11),CDH9(0.10),C1QTNF3(0.10),UGT3A2(0.09),EGFLAM(0.08),PLCXD3(0.08),SLC45A2(0.06),GDNF(0.06),AGXT2(0.05),UGT3A1(0.04),GHR(0.04),CAPSL(0.04),FGF10(0.03),ADAMTS12(0.03),FYB(0.03),RXFP3(0.01),C7(0.00),PRDM9(-0.01),C6(-0.01),CDH10(-0.02),DAB2*(-0.03),PMCHL1(-0.03),IL7R(-0.04),RANBP3L(-0.07),BRIX1(NA),C5orf22(NA),C5orf28(NA),C5orf42(NA),C5orf23(NA),HEATR7B2(NA),C5orf33(NA),DNAJC21(NA),TTC23L(NA),C5orf51(NA),C5orf34(NA),C5orf39(NA),SNORD72(NA),MIR580(NA),LOC728411(NA),CCDC152(NA),"
chr6,5792712,23968000,Amp,6p22.3  ,chr6:5792712-23968000(probes 312924:318377)        ,chr6:18582849-18608340(probes 316955:316959)      ,chr6:1-24572083(probes 311111:318580)               ,5.54e-06,6.12e-06,6p22.3(ID4) [70],6p22.3(ID4),,,0,78,166,210,35,0.0%,16.0%,33.9%,42.9%,7.2%,70,"NOL7(0.73),RIOK1(0.72),PAK1IP1(0.70),NUP153(0.68),SSR1(0.66),DTNBP1(0.66),MUTED(0.65),E2F3|(0.64),RANBP9(0.62),EEF1E1(0.61),TMEM14C(0.61),DEK(0.59),FAM8A1(0.59),CCDC90A(0.58),SIRT5(0.57),TMEM14B(0.54),DSP(0.53),KIF13A(0.53),JARID2(0.53),CDKAL1(0.52),MYLIP(0.52),TBC1D7(0.52),TXNDC5(0.51),SLC35B3(0.46),HIVEP1(0.44),CAP2(0.43),MBOAT1(0.41),TPMT(0.39),ATXN1(0.36),NHLRC1(0.36),SOX4(0.32),ID4(0.29),RREB1(0.28),RNF144B(0.28),GMPR(0.27),NEDD9(0.25),CD83(0.25),GFOD1(0.25),GCNT2(0.24),SYCP2L(0.22),MAK(0.21),TFAP2A(0.17),RBM24(0.15),EDN1(0.14),BMP6(0.13),ELOVL2(0.13),PHACTR1(0.13),RNF182(0.11),HERV-FRD(0.10),PRL(0.07),MGC26597(0.04),LY86(0.04),GCM2(0.02),CAGE1(0.00),HDGFL1(-0.00),F13A1(-0.00),NRN1(-0.06),C6orf105(NA),C6orf114(NA),SNRNP48(NA),KDM1B(NA),LOC221710(NA),C6orf218(NA),LOC285780(NA),C6orf52(NA),FLJ22536(NA),MIR548A1(NA),HULC(NA),TMEM170B(NA),SCARNA27(NA),"
chr6,107028442,107428188,Amp,6q21    ,chr6:107028442-107428188(probes 341523:341665)  ,chr6:107166161-107216010(probes 341568:341587)  ,chr6:106959078-107489432(probes 341493:341690)  ,0.0079469,0.0079469,6q21 [4],6q21,,,2,251,136,84,16,0.4%,51.3%,27.8%,17.2%,3.3%,4,"RTN4IP1(0.67),QRSL1(0.67),AIM1(0.35),LOC553137(NA),"
chr6,36478069,50112006,Amp,6p21.1  ,chr6:36478069-50112006(probes 322377:327343)      ,chr6:43179019-43186535(probes 325014:325016)      ,chr6:42761725-43769233(probes 324878:325279)      ,0.036971,0.04048,---,---,,,1,101,202,170,15,0.2%,20.7%,41.3%,34.8%,3.1%,149,"BYSL(0.71),MEA1(0.71),CDC5L(0.70),XPO5(0.69),ZNF318(0.68),TBC1D22B(0.67),RPL7L1(0.67),UBR2(0.66),GTPBP2(0.66),PPP2R5D(0.66),TJAP1(0.66),RNF8(0.65),MUT(0.65),MRPS10(0.64),KLHDC3(0.64),MED20(0.64),KLC4(0.64),TAF8(0.63),YIPF3(0.62),AARS2(0.61),POLR1C(0.61),MRPS18A(0.60),STK38(0.60),MRPL2(0.59),ZFAND3(0.59),KCTD20(0.58),CUL7(0.58),BTBD9(0.57),PPIL1(0.57),MTCH1(0.56),MAD2L1BP(0.56),MRPL14(0.56),TBCC(0.55),CD2AP(0.55),SLC35B2(0.55),GLO1(0.55),CENPQ(0.54),HSP90AB1(0.54),NFYA(0.52),KIAA0240(0.52),ABCC10(0.52),SLC29A1(0.50),TMEM63B(0.50),FRS3(0.50),SUPT3H(0.49),SRF(0.47),POLH(0.47),PTK7(0.46),ENPP4(0.45),FOXP4(0.43),USP49(0.42),KCNK5(0.41),ENPP5(0.40),CCND3(0.36),PEX6(0.33),NFKBIE(0.33),SLC25A27(0.31),UNC5CL(0.30),TRERF1(0.28),PIM1(0.28),TNFRSF21(0.27),VEGFA(0.27),SFRS3(0.26),GNMT(0.25),MOCS1(0.24),CRIP3(0.23),GUCA1B(0.23),DAAM2(0.20),TFEB(0.19),APOBEC2(0.18),GPR110(0.18),MDFI(0.17),MDGA1(0.17),TREML2(0.15),DNAH8(0.14),CYP39A1(0.14),KCNK17(0.14),CPNE5(0.14),KIF6(0.14),DLK2(0.12),PRPH2(0.12),CDKN1A(0.12),CLIC5(0.11),GPR115(0.11),RCAN2(0.10),SPATS1(0.09),PLA2G7(0.08),CRISP3(0.08),GPR111(0.07),DEFB114(0.06),CRISP2(0.06),MEP1A(0.06),LRFN2(0.05),GLP1R(0.05),FGD2(0.04),OPN5(0.04),PI16(0.03),TDRD6(0.02),TCTE1(0.01),CRISP1(0.01),GPR116(0.01),RUNX2(0.01),PGK2(0.00),PXT1(-0.01),NCR2(-0.01),GUCA1A(-0.01),RHAG(-0.02),TREML1(-0.03),TTBK1(-0.04),PTCRA(-0.05),PGC(-0.05),SLC22A7(-0.05),TREM1(-0.06),CAPN11(-0.07),TREML4(-0.07),KCNK16(-0.10),TREM2(-0.10),C6orf108(NA),CNPY3(NA),FTSJD2(NA),CUL9(NA),PRICKLE4(NA),C6orf64(NA),C6orf153(NA),C6orf141(NA),C6orf129(NA),C6orf223(NA),RSPH9(NA),C6orf154(NA),TREML2P(NA),LOC221442(NA),C6orf130(NA),TMEM217(NA),C6orf89(NA),TSPO2(NA),DEFB110(NA),DEFB113(NA),TREML3(NA),C6orf140(NA),DEFB133(NA),C6orf226(NA),TMEM151B(NA),C6orf138(NA),C6orf132(NA),MIR586(NA),TDRG1(NA),LOC100132354(NA),TOMM6(NA),LOC100287718(NA),"
chr7,141684869,142210398,Amp,7q34    ,chr7:141684869-142210398(probes 408231:408304)  ,chr7:141882707-142207146(probes 408289:408303)  ,chr7:136307036-158821424(probes 406131:414304)  ,2.7e-05,0.0034686,---,---,CNV,,1,49,142,235,62,0.2%,10.0%,29.0%,48.1%,12.7%,3,"PRSS2(0.32),PRSS1(0.30),TRY6(NA),"
chr7,146967978,158821424,Amp,7q36.3  ,chr7:146967978-158821424(probes 410067:414304)  ,chr7:158377694-158465022(probes 414185:414220)  ,chr7:136307036-158821424(probes 406131:414304)  ,0.00015759,0.019701,---,---,,,2,57,173,228,29,0.4%,11.7%,35.4%,46.6%,5.9%,92,"ABCF2(0.69),REPIN1(0.68),ZNF212(0.67),GALNT11(0.64),ZNF746(0.64),CUL1(0.63),FASTK(0.63),ZNF786(0.63),PAXIP1(0.62),ZNF398(0.62),UBE3C(0.62),RHEB(0.62),ZNF282(0.61),NOM1(0.60),TMUB1(0.60),ZNF783(0.59),KRBA1(0.59),DNAJB6(0.58),ACTR3B(0.58),ZNF777(0.58),MLL3(0.57),PRKAG2(0.57),RBM33(0.56),WDR60(0.55),LMBR1(0.54),ABCB8(0.52),NUB1(0.51),CDK5(0.51),PDIA4(0.49),ZNF767(0.49),SLC4A2(0.48),ATP6V0E2(0.46),NCAPG2(0.46),ZNF425(0.44),XRCC2(0.43),LRRC61(0.42),EZH2(0.40),LOC401431(0.36),ZNF775(0.35),INSIG1(0.34),ZNF467(0.33),RNF32(0.32),KCNH2(0.27),RARRES2(0.22),SMARCD3(0.20),ASB10(0.20),ACCN3(0.18),NOS3(0.17),MNX1(0.17),ATG9B(0.16),VIPR2(0.15),CRYGN(0.15),GALNTL5(0.13),WDR86(0.12),HTR5A(0.11),EN2(0.09),DPP6(0.09),SSPO(0.08),CNPY1(0.08),GBX1(0.07),PTPRN2(0.07),SHH|(0.06),ABP1(0.04),CNTNAP2(0.03),GIMAP6(0.01),GIMAP5(0.00),GIMAP2(-0.01),TMEM176A(-0.02),GIMAP8(-0.02),GIMAP1(-0.02),GIMAP4(-0.03),TMEM176B(-0.03),GIMAP7(-0.04),CHPF2(NA),ESYT2(NA),C7orf4(NA),C7orf29(NA),AGAP3(NA),C7orf13(NA),LOC154822(NA),LOC202781(NA),C7orf33(NA),FABP5L3(NA),MIR153-2(NA),ZNF862(NA),ACTR3C(NA),MIR595(NA),LOC728743(NA),MIR671(NA),LOC100128542(NA),LOC100128822(NA),LOC100132707(NA),"
chr8,128754508,129388953,Amp,8q24.21 ,chr8:128754508-129388953(probes 450696:451026)  ,chr8:128809381-128812187(probes 450710:450710)  ,chr8:100035561-146274826(probes 441986:455953)  ,1.86e-79,3.6999999999999998e-56,MYC [2],MYC,,,0,21,86,215,167,0.0%,4.3%,17.6%,44.0%,34.2%,2,"MYC^|(0.34),PVT1(NA),"
chr8,144180457,146072839,Amp,8q24.3  ,chr8:144180457-146072839(probes 455274:455923)  ,chr8:145628324-145642435(probes 455755:455757)  ,chr8:100035561-146274826(probes 441986:455953)  ,1.57e-41,4.34e-20,8q24.3 [75],8q24.3   ,,,0,41,86,230,132,0.0%,8.4%,17.6%,47.0%,27.0%,75,"ZNF7(0.73),ZNF623(0.72),SHARPIN(0.68),VPS28(0.67),PUF60(0.67),COMMD5(0.66),HSF1(0.66),GRINA(0.66),DGAT1(0.66),GPAA1(0.65),EXOSC4(0.64),PYCRL(0.63),CYC1(0.63),FAM83H(0.62),GPR172A(0.62),TSTA3(0.62),LRRC14(0.62),ADCK5(0.61),ZNF34(0.61),BOP1(0.61),ZC3H3(0.61),RPL8(0.61),PPP1R16A(0.61),ZNF251(0.61),EEF1D(0.61),CPSF1(0.61),MAF1(0.60),TIGD5(0.60),KIAA1688(0.60),ZNF707(0.58),PLEC1(0.55),NRBP2(0.55),ZNF696(0.54),FBXL6(0.53),SCRIB(0.53),SLC39A4(0.52),MFSD3(0.51),OPLAH(0.49),TOP1MT(0.49),KIFC2(0.47),RECQL4(0.46),NFKBIL2(0.45),NAPRT1(0.45),RHPN1(0.44),C8ORFK29(0.38),ZFP41(0.36),MAPK15(0.35),PARP10(0.35),KIAA1875(0.33),GPT(0.26),MGC70857(0.26),GLI4(0.19),ZNF517(0.15),SCXB(0.08),FOXH1(0.07),SPATC1(0.00),MAFA(-0.01),SCRT1(-0.01),LY6H(-0.03),CYHR1(NA),C8orf30A(NA),C8orf51(NA),GSDMD(NA),EPPK1(NA),BREA2(NA),C8orf31(NA),GPIHBP1(NA),LRRC24(NA),C8orf73(NA),MIR661(NA),HEATR7A(NA),MIR937(NA),MIR939(NA),SCXA(NA),LOC100130274(NA),"
chr8,55315087,55564332,Amp,8q11.23 ,chr8:55315087-55564332(probes 429321:429385)      ,chr8:55390281-55411406(probes 429329:429331)      ,chr8:53554136-63083326(probes 428874:431467)      ,1.26e-08,1.3e-07,SOX17 [1],SOX17,,,0,34,191,229,35,0.0%,7.0%,39.1%,46.8%,7.2%,1,"SOX17(0.16),"
chr8,121118433,121381535,Amp,8q24.12 ,chr8:121118433-121381535(probes 448365:448472)  ,chr8:121190115-121220888(probes 448386:448397)  ,chr8:100035561-146274826(probes 441986:455953)  ,7.78e-35,4.58e-05,DEPDC6 [2],DEPDC6,,,1,33,92,234,129,0.2%,6.7%,18.8%,47.9%,26.4%,2,"DEPDC6(0.35),COL14A1(0.03),"
chr8,41413989,42624653,Amp,8p11.21 ,chr8:41413989-42624653(probes 426711:427171)      ,chr8:41924644-42052625(probes 426951:426960)      ,chr8:41035386-47066830(probes 426629:427355)      ,0.00030058,0.0027455,8p11.21(IKBKB) [15],8p11.21(IKBKB),,,1,99,202,158,29,0.2%,20.2%,41.3%,32.3%,5.9%,15,"MYST3(0.61),VDAC3(0.60),AGPAT6(0.60),AP3M2(0.60),GOLGA7(0.59),IKBKB(0.59),POLB(0.59),SLC20A2(0.50),GINS4(0.45),PLAT(0.16),ANK1(0.13),NKX6-3(0.04),DKK4(0.01),C8orf40(NA),MIR486(NA),"
chr8,100932528,102559834,Amp,8q22.2  ,chr8:100932528-102559834(probes 442375:442924)  ,chr8:101563413-101580765(probes 442626:442630)  ,chr8:100035561-146274826(probes 441986:455953)  ,2.59e-05,0.17888,---,---,,,0,52,127,240,70,0.0%,10.6%,26.0%,49.1%,14.3%,13,"ZNF706(0.72),YWHAZ|(0.71),COX6C(0.68),VPS13B(0.66),POLR2K(0.66),RNF19A(0.63),PABPC1(0.60),ANKRD46(0.52),SPAG1(0.40),FBXO43(0.12),RGS22(0.04),NACAP1(-0.10),SNX31(NA),"
chr10,78863997,79498631,Amp,10q22.3 ,chr10:78863997-79498631(probes 514239:514509)    ,chr10:79217751-79255646(probes 514385:514396)    ,chr10:77383343-80208083(probes 513632:514690)    ,3.78e-05,3.78e-05,---,---,,,1,123,227,118,20,0.2%,25.2%,46.4%,24.1%,4.1%,5,"POLR3A(0.65),DLG5(0.56),RPS24(0.45),KCNMA1(0.15),LOC100128292(NA),"
chr10,1,7185791,Amp,10p15.3 ,chr10:1-7185791(probes 491287:493572)               ,chr10:806570-817087(probes 491512:491514)            ,chr10:1-1536253(probes 491287:491799)               ,0.014695,0.014695,---,---,,,2,85,196,179,27,0.4%,17.4%,40.1%,36.6%,5.5%,39,"GTPBP4(0.70),ZMYND11(0.68),FBXO18(0.65),RBM17(0.63),WDR37(0.62),ANKRD16(0.54),GDI2(0.52),IDI1(0.46),PITRM1(0.43),ASB13(0.41),IDI2(0.41),PRKCQ(0.36),NET1(0.35),PFKP(0.30),DIP2C(0.27),AKR1C1(0.22),PFKFB3(0.19),AKR1C2(0.17),TUBAL3(0.14),ADARB2(0.13),AKR1C3(0.11),KLF6(0.08),AKR1CL1(0.06),AKR1C4(0.05),IL15RA(0.04),CALML3(0.03),IL2RA(0.02),LOC338588(-0.01),TUBB8(-0.02),CALML5(-0.02),UCN3(-0.03),LARP4B(NA),C10orf18(NA),C10orf110(NA),AKR1E2(NA),tAKR(NA),NCRNA00200(NA),C10orf108(NA),LOC100216001(NA),"
chr11,77509837,77679169,Amp,11q14.1 ,chr11:77509837-77679169(probes 556936:557007)    ,chr11:77579027-77607442(probes 556965:556978)    ,chr11:68349262-88730020(probes 553585:560402)    ,9.279999999999999e-28,9.279999999999999e-28,ALG8 [4],ALG8,,,0,56,214,160,59,0.0%,11.5%,43.8%,32.7%,12.1%,4,"ALG8(0.67),USP35(0.52),GAB2(0.50),KCTD21(0.47),"
chr11,120642837,120763395,Amp,11q24.1 ,chr11:120642837-120763395(probes 570345:570385),chr11:120692914-120710246(probes 570361:570365),chr11:120646289-120845898(probes 570346:570392),0.020376,0.020376,SC5DL [1],SC5DL,,,2,157,187,122,21,0.4%,32.1%,38.2%,24.9%,4.3%,1,"SC5DL(0.57),"
chr12,25059809,25394729,Amp,12p12.1 ,chr12:25059809-25394729(probes 583683:583815)    ,chr12:25311849-25329933(probes 583791:583795)    ,chr12:17822106-29554886(probes 581406:585211)    ,6.39e-25,2.66e-23,KRAS [4],KRAS,,KRAS,0,45,186,204,54,0.0%,9.2%,38.0%,41.7%,11.0%,4,"KRAS^(0.67),LYRM5(0.56),CASC1(0.37),LRMP(0.14),"
chr12,205189,2075304,Amp,12p13.33,chr12:205189-2075304(probes 575240:576051)          ,chr12:558473-586354(probes 575387:575397)            ,chr12:1-4374222(probes 575172:576971)                ,7.89e-06,3.56e-05,---,---,,,0,63,161,235,30,0.0%,12.9%,32.9%,48.1%,6.1%,17,"DCP1B(0.66),ADIPOR2(0.64),CCDC77(0.61),RAD52(0.57),ERC1(0.56),WNK1(0.45),FBXL14(0.42),WNT5B(0.25),B4GALNT3(0.24),SLC6A13(0.23),LRTM2(0.22),NINJ2(0.20),CACNA2D4(0.08),CACNA1C(0.01),KDM5A(NA),HSN2(NA),LOC100292680(NA),"
chr12,67872253,69805406,Amp,12q15   ,chr12:67872253-69805406(probes 596892:597579)    ,chr12:68122023-68199401(probes 596987:597021)    ,chr12:67865419-69811102(probes 596891:597581)    ,0.0015157,0.0035045,12q15(FRS2) [13],12q15(FRS2),,,1,90,222,153,23,0.2%,18.4%,45.4%,31.3%,4.7%,13,"CNOT2(0.72),CCT2(0.65),RAB3IP(0.63),FRS2(0.57),YEATS4|(0.52),CPSF6(0.40),KCNMB4(0.13),TSPAN8(0.12),LRRC10(0.02),BEST3(0.02),PTPRB(0.01),LYZ(-0.04),PTPRR(-0.08),"
chr12,44143268,45289633,Amp,12q13.11,chr12:44143268-45289633(probes 588782:589109)    ,chr12:44805147-44835702(probes 588974:588976)    ,chr12:44147282-45297240(probes 588783:589111)    ,0.013341,0.033783,12q13.11 [5],12q13.11,,,3,71,230,171,14,0.6%,14.5%,47.0%,35.0%,2.9%,5,"SFRS2IP(0.69),ARID2(0.65),SLC38A1(0.42),SLC38A2(0.40),LOC400027(NA),"
chr12,31074521,32839444,Amp,12p11.21,chr12:31074521-32839444(probes 585588:586132)    ,chr12:31818487-31829652(probes 585785:585788)    ,chr12:30875812-33146117(probes 585524:586210)    ,0.00058447,0.095817,---,---,,,0,33,210,220,26,0.0%,6.7%,42.9%,45.0%,5.3%,13,"DNM1L(0.55),YARS2(0.54),FAM60A(0.50),FGD4(0.49),PKP2(0.37),BICD1(0.33),DDX11(0.33),AMN1(0.28),FLJ13224(0.13),C12orf35(NA),DENND5B(NA),C12orf72(NA),H3F3C(NA),"
chr12,54601140,54905333,Amp,12q13.2 ,chr12:54601140-54905333(probes 592740:592875)    ,chr12:54802751-54807350(probes 592826:592826)    ,chr12:54668855-54887815(probes 592769:592868)    ,0.052767,0.16531,12q13.2(ERBB3) [18],12q13.2(ERBB3),,CDK2,0,72,225,170,22,0.0%,14.7%,46.0%,34.8%,4.5%,18,"PA2G4(0.62),RNF41(0.60),RAB5B(0.56),SUOX(0.55),SMARCC2(0.55),OBFC2B(0.51),IKZF4(0.46),MYL6(0.46),MYL6B(0.46),WIBG(0.44),CDK2(0.43),RPL41(0.40),ZC3H10(0.39),RPS26(0.31),SILV(0.26),ERBB3(0.25),DGKA(0.17),ESYT1(NA),"
chr12,10881518,12203573,Amp,12p13.2 ,chr12:10881518-12203573(probes 579114:579511)    ,chr12:11176694-11182223(probes 579189:579189)    ,chr12:10942261-11468937(probes 579133:579237)    ,0.048141,0.23179,---,---,,,1,70,170,217,31,0.2%,14.3%,34.8%,44.4%,6.3%,20,"LRP6(0.56),TAS2R14(0.50),PRH2(0.50),PRH1(0.48),PRR4(0.44),ETV6(0.42),TAS2R43(0.32),BCL2L14(0.24),TAS2R13(0.23),PRB3(0.22),TAS2R46(0.13),PRB2(0.11),PRB4(0.09),TAS2R42(0.09),PRB1(0.07),TAS2R50(-0.03),TAS2R31(NA),TAS2R30(NA),TAS2R19(NA),TAS2R20(NA),"
chr14,20404755,20679593,Amp,14q11.2 ,chr14:20404755-20679593(probes 647976:648064)    ,chr14:20596251-20604193(probes 648031:648034)    ,chr14:1-22849306(probes 647586:648687)           ,3.58e-13,3.58e-13,14q11.2(METT11D1) [12],14q11.2(METT11D1),,,2,124,223,117,23,0.4%,25.4%,45.6%,23.9%,4.7%,12,"METT11D1(0.64),ZNF219(0.44),NDRG2(0.39),FLJ10357(0.39),SLC39A2(0.29),TPPP2(0.23),RNASE13(0.13),RNASE7(0.08),RNASE8(0.06),RNASE3(-0.06),RNASE2(-0.11),C14orf176(NA),"
chr14,103923608,106368585,Amp,14q32.33,chr14:103923608-106368585(probes 676260:676701),chr14:104426846-104431132(probes 676454:676454),chr14:103604366-106368585(probes 676148:676701),0.003217,0.003217,14q32.33(AKT1) [27],14q32.33(AKT1),,AKT1,0,171,200,100,18,0.0%,35.0%,40.9%,20.4%,3.7%,27,"AKT1(0.65),PACS2(0.62),BRF1(0.61),BTBD6(0.60),MTA1(0.59),SIVA1(0.57),CDCA4(0.55),KIAA0284(0.54),ADSSL1(0.49),CRIP2(0.40),NUDT14(0.38),TMEM121(0.34),MGC23270(0.31),JAG2(0.31),CRIP1(0.18),GPR132(0.17),AHNAK2(0.13),PLD4(0.08),TMEM179(0.07),ADAM6(NA),KIAA0125(NA),INF2(NA),C14orf79(NA),C14orf80(NA),C14orf180(NA),ZBTB42(NA),LOC100133469(NA),"
chr15,88410446,100338915,Amp,15q26.3 ,chr15:88410446-100338915(probes 701619:705587)   ,chr15:98839331-98893136(probes 705154:705177)    ,chr15:94986837-100338915(probes 703693:705587)   ,0.0055005,0.0055005,---,---,,,3,198,190,88,10,0.6%,40.5%,38.9%,18.0%,2.0%,62,"VPS33B(0.72),UNC45A(0.69),SELS(0.68),NGRN(0.66),ASB7(0.66),TM2D3(0.65),RCCD1(0.62),LINS1(0.61),HDDC3(0.61),SNRPA1(0.59),TTC23(0.59),LRRC28(0.59),CIB1(0.59),MEF2A(0.58),MAN2A2(0.57),CRTC3(0.55),LYSMD4(0.52),TARSL2(0.50),SEMA4B(0.49),IQGAP1(0.49),IDH2(0.49),FURIN(0.47),CHSY1(0.44),FES(0.43),RGMA(0.42),IGF1R(0.42),CHD2(0.41),BLM(0.41),ZNF710(0.40),LRRK1(0.40),PRC1(0.39),SLCO3A1(0.38),ZNF774(0.38),MCTP2(0.37),NR2F2(0.35),TTLL13(0.28),PCSK6(0.27),ARRDC4(0.24),ADAMTS17(0.19),LASS3(0.14),LOC145814(0.09),FLJ42289(0.09),ALDH1A3(0.08),SPATA8(0.08),ST8SIA2(0.04),SV2B(0.04),OR4F15(-0.00),LOC91948(-0.02),OR4F6(-0.09),GABARAPL3(-0.11),SYNM(NA),OR4F4(NA),LOC145820(NA),C15orf32(NA),C15orf51(NA),FAM169B(NA),WASH3P(NA),C15orf58(NA),FAM174B(NA),FAM138E(NA),LOC100144604(NA),LOC100288778(NA),"
chr17,73482389,78774742,Amp,17q25.3 ,chr17:73482389-78774742(probes 754938:756882)    ,chr17:75402780-75409333(probes 755590:755591)    ,chr17:73318031-78774742(probes 754891:756882)    ,9.83e-05,9.83e-05,---,---,,,0,156,146,166,21,0.0%,31.9%,29.9%,33.9%,4.3%,105,"GPS1(0.66),TBCD(0.65),NARF(0.65),FN3KRP(0.65),EIF4A3(0.64),NPLOC4(0.64),CANT1(0.64),SIRT7(0.63),FOXK2(0.63),PGS1(0.63),DUS1L(0.62),ANAPC11(0.62),CSNK1D(0.62),MRPL12(0.62),P4HB(0.60),HGS(0.58),ARHGDIA(0.58),THOC4(0.57),ASPSCR1(0.56),CCDC137(0.56),WDR45L(0.56),CHMP6(0.54),FASN(0.53),LRRC45(0.53),ACTG1(0.52),B3GNTL1(0.52),PCYT2(0.52),SYNGR2(0.51),MAFG(0.49),ARL16(0.49),AZI1(0.49),LGALS3BP(0.48),SLC26A11(0.48),TK1(0.48),SLC25A10(0.48),HEXDC(0.48),BAIAP2(0.47),SGSH(0.47),TMC6(0.45),RAB40B(0.45),BIRC5(0.43),DCXR(0.43),CCDC57(0.43),USP36(0.41),RFNG(0.40),AFMID(0.40),TNRC6C(0.36),RNF213(0.35),CBX8(0.34),FLJ35220(0.33),TIMP2(0.33),METRNL(0.32),GAA(0.32),PYCR1(0.32),FLJ90757(0.32),TBC1D16(0.31),CCDC40(0.28),RAC3(0.25),DNAH17(0.24),SOCS3(0.23),SLC16A3(0.23),CBX4(0.23),CARD14(0.22),ZNF750(0.14),PDE6G(0.13),SECTM1(0.13),AATK(0.13),NPTX1(0.13),BAHCC1(0.12),CBX2(0.10),NOTUM(0.09),C1QTNF1(0.08),CD7(0.07),HRNBP3(0.07),ENPP7(0.04),TMC8(0.04),NPB(0.01),TMEM105(0.00),DYSFIP1(-0.01),TSPAN10(-0.06),UTS2R(-0.10),EPR1(NA),CYTH1(NA),FSCN2(NA),RPTOR(NA),FN3K(NA),ENGASE(NA),C17orf62(NA),C17orf101(NA),C17orf70(NA),LOC92659(NA),SLC38A10(NA),C17orf56(NA),STRA13(NA),MYADML2(NA),LOC283999(NA),C17orf89(NA),C17orf55(NA),C17orf90(NA),LOC388428(NA),TEX19(NA),MIR338(NA),MIR657(NA),C17orf99(NA),LOC100294362(NA),"
chr17,24137681,24279608,Amp,17q11.2 ,chr17:24137681-24279608(probes 737471:737539)    ,chr17:24244310-24249383(probes 737523:737523)    ,chr17:24076430-24408665(probes 737447:737602)    ,0.010189,0.011188,17q11.2 [7],17q11.2,,,0,357,75,39,18,0.0%,73.0%,15.3%,8.0%,3.7%,7,"ERAL1(0.74),FLOT2(0.63),PHF12(0.59),DHRS13(0.57),C17orf63(NA),MIR144(NA),MIR451(NA),"
chr17,43923270,44005064,Amp,17q21.32,chr17:43923270-44005064(probes 744684:744727)    ,chr17:43940901-43953245(probes 744690:744692)    ,chr17:43885776-44027051(probes 744668:744753)    ,0.023593,0.02824,HOXB [3],HOXB,,,1,256,135,76,21,0.2%,52.4%,27.6%,15.5%,4.3%,3,"HOXB2(0.20),HOXB3(0.19),HOXB1(0.01),"
chr17,35095348,35146598,Amp,17q12   ,chr17:35095348-35146598(probes 741475:741498)    ,chr17:35096707-35138972(probes 741476:741495)    ,chr17:35096707-35150520(probes 741476:741500)    ,0.072138,0.085613,ERBB2 [3],ERBB2,,,3,353,84,34,15,0.6%,72.2%,17.2%,7.0%,3.1%,3,"ERBB2^|(0.59),C17orf37(NA),PGAP3(NA),"
chr18,22116085,22479962,Amp,18q11.2 ,chr18:22116085-22479962(probes 763308:763473)    ,chr18:22281909-22298859(probes 763388:763394)    ,chr18:18398051-24080924(probes 762105:763944)    ,8.98e-08,0.0022626,TAF4B [2],TAF4B,,,2,182,193,87,25,0.4%,37.2%,39.5%,17.8%,5.1%,2,"TAF4B(0.56),KCTD1(0.49),"
chr18,26692597,28137053,Amp,18q12.1 ,chr18:26692597-28137053(probes 764333:764922)    ,chr18:27302023-27307241(probes 764555:764556)    ,chr18:26700685-28186950(probes 764334:764942)    ,0.0015989,0.14836,---,---,,,2,206,185,77,19,0.4%,42.1%,37.8%,15.7%,3.9%,15,"KIAA1012(0.73),RNF138(0.65),DSG2(0.60),FAM59A(0.50),B4GALT6(0.40),DSC2(0.39),RNF125(0.33),DSG1(0.19),MEP1B(0.15),DSC3(0.15),DSC1(0.13),DSG4(0.08),DSG3(0.04),TTR(0.02),MCART2(0.01),"
chr18,18463742,20176616,Amp,18q11.2 ,chr18:18463742-20176616(probes 762115:762804)    ,chr18:18976508-18980870(probes 762235:762235)    ,chr18:18398051-24080924(probes 762105:763944)    ,0.00010947,0.2351,---,---,,,1,180,195,93,20,0.2%,36.8%,39.9%,19.0%,4.1%,11,"RIOK3(0.62),NPC1(0.57),OSBPL1A(0.52),RBBP8(0.52),CABLES1(0.51),CABYR(0.44),ANKRD29(0.20),LAMA3(0.20),C18orf8(NA),C18orf45(NA),TTC39C(NA),"
chr19,34934008,35059410,Amp,19q12   ,chr19:34934008-35059410(probes 788332:788351)    ,chr19:34981905-34997617(probes 788340:788344)    ,chr19:23143704-46255209(probes 787569:792533)    ,1.89e-102,2.57e-96,CCNE1 [1],CCNE1,,CCNE1,0,46,182,150,111,0.0%,9.4%,37.2%,30.7%,22.7%,1,"CCNE1^|(0.60),"
chr19,44455609,45045812,Amp,19q13.2 ,chr19:44455609-45045812(probes 791874:792123)    ,chr19:44828320-44857738(probes 792037:792040)    ,chr19:23143704-46255209(probes 787569:792533)    ,5.54e-29,7.57e-23,19q13.2 [24],19q13.2,,,2,134,167,131,55,0.4%,27.4%,34.2%,26.8%,11.2%,24,"PAF1(0.77),SUPT5H(0.75),TIMM50(0.73),MED29(0.72),EID2(0.71),FBL(0.67),SAMD4B(0.65),RPS16(0.62),EID2B(0.54),PLEKHG2(0.54),DYRK1B(0.53),DLL3(0.42),SELV(0.36),ZFP36(0.24),LRFN1(0.19),LOC400696(0.19),IL29(0.16),LGALS14(0.05),CLC(0.03),LGALS13(0.03),GMFG(-0.04),FCGBP(-0.08),LEUTX(NA),LOC100129935(NA),"
chr19,12983113,14103663,Amp,19p13.13,chr19:12983113-14103663(probes 783894:784389)    ,chr19:13749627-13759579(probes 784205:784208)    ,chr19:8706525-22833042(probes 782116:787519)      ,5.66e-26,6.5e-18,19p13.13 [29],19p13.13,,,0,93,158,173,65,0.0%,19.0%,32.3%,35.4%,13.3%,29,"CCDC130(0.74),TRMT1(0.71),STX10(0.70),CC2D1A(0.68),PRKACA(0.64),ZSWIM4(0.54),IER2(0.53),ASF1B(0.52),NFIX(0.45),RFX1(0.42),IL27RA(0.37),CACNA1A(0.36),NANOS3(0.35),RLN3(0.15),PODNL1(0.14),LYL1(0.04),C19orf53(NA),C19orf57(NA),MRI1(NA),SAMD1(NA),DCAF15(NA),NACC1(NA),LOC113230(NA),PALM3(NA),MIR181C(NA),MIR23A(NA),MIR24-2(NA),MIR27A(NA),MIR181D(NA),"
chr19,16904747,17492634,Amp,19p13.11,chr19:16904747-17492634(probes 785548:785809)    ,chr19:17216560-17229764(probes 785691:785694)    ,chr19:8706525-22833042(probes 782116:787519)      ,3.14e-16,1.12e-07,19p13.11 [20],19p13.11,,,1,76,175,181,56,0.2%,15.5%,35.8%,37.0%,11.5%,20,"USE1(0.63),GTPBP3(0.61),MRPL34(0.61),PGLS(0.58),MYO9B(0.56),NR2F6(0.54),FAM125A(0.54),OCEL1(0.51),ABHD8(0.49),SLC27A1(0.42),CPAMD8(0.33),BST2(0.30),USHBP1(0.18),NXNL1(0.08),PLVAP(-0.01),C19orf62(NA),ANO8(NA),DDA1(NA),HAUS8(NA),ANKLE1(NA),"
chr19,40235837,40343503,Amp,19q13.12,chr19:40235837-40343503(probes 790062:790113)    ,chr19:40308934-40320866(probes 790097:790100)    ,chr19:23143704-46255209(probes 787569:792533)    ,6.730000000000001e-21,2.26e-05,19q13.12 [7],19q13.12,,,0,92,181,165,51,0.0%,18.8%,37.0%,33.7%,10.4%,7,"HPN(0.27),FXYD7(0.26),FXYD3(0.24),FXYD1(0.23),FXYD5(0.18),LGI4(0.18),LOC100128675(NA),"
chr19,9939435,10733001,Amp,19p13.2 ,chr19:9939435-10733001(probes 782563:782961)      ,chr19:10114702-10125465(probes 782642:782646)    ,chr19:8706525-22833042(probes 782116:787519)      ,1.98e-08,0.0004511,---,---,,,1,156,147,132,53,0.2%,31.9%,30.1%,27.0%,10.8%,36,"KEAP1(0.76),TYK2(0.74),EIF3G(0.73),MRPL4(0.73),CDC37(0.73),KRI1(0.72),FDX1L(0.70),QTRT1(0.68),DNM2(0.67),PPAN(0.67),ATG4D(0.63),ILF3(0.60),DNMT1(0.60),SLC44A2(0.57),AP1M2(0.53),ICAM3(0.53),CDKN2D(0.44),RAVER1(0.42),PDE4A(0.36),ICAM5(0.23),ICAM1(0.23),ICAM4(0.19),P2RY11(0.11),ANGPTL6(0.09),RDH8(0.07),COL5A3(0.01),S1PR2(NA),S1PR5(NA),C19orf66(NA),LOC147727(NA),C3P1(NA),SNORD105(NA),PPAN-P2RY11(NA),MIR638(NA),SNORD105B(NA),ZGLP1(NA),"
chr19,20823633,21917935,Amp,19p12   ,chr19:20823633-21917935(probes 787057:787303)    ,chr19:21301689-21342313(probes 787149:787153)    ,chr19:8706525-22833042(probes 782116:787519)      ,3.31e-05,0.051209,---,---,,,1,92,197,167,32,0.2%,18.8%,40.3%,34.2%,6.5%,11,"ZNF431(0.62),ZNF430(0.60),ZNF100(0.56),ZNF429(0.53),ZNF708(0.52),ZNF85(0.52),ZNF714(0.50),ZNF43(0.49),ZNF493(0.48),ZNF738(0.45),LOC641367(0.08),"
chr20,61411961,62435964,Amp,20q13.33,chr20:61411961-62435964(probes 819112:819504)    ,chr20:61967807-62033568(probes 819334:819378)    ,chr20:54389604-62435964(probes 816532:819504)    ,9.72e-06,1.85e-05,20q13.33 [39],20q13.33,,,0,27,129,282,51,0.0%,5.5%,26.4%,57.7%,10.4%,39,"TPD52L2(0.60),PRPF6(0.54),UCKL1(0.52),DNAJC5(0.51),ZGPAT(0.50),ZNF512B(0.47),ARFRP1(0.42),GMEB2(0.41),SLC2A4RG(0.40),RTEL1(0.36),TCEA2(0.35),PCMTD2(0.32),RGS19(0.31),ZBTB46(0.24),MYT1(0.19),LIME1(0.16),SAMD10(0.13),SOX18(0.11),PRIC285(0.11),OPRL1(0.08),COL20A1(0.06),STMN3(0.05),EEF1A2|(0.01),NPBWR2(-0.00),PTK6|(-0.01),CHRNA4(-0.01),SRMS(-0.02),KCNQ2(-0.03),TNFRSF6B(NA),C20orf195(NA),PPDPF(NA),C20orf135(NA),C20orf201(NA),NCRNA00176(NA),MIR647(NA),UCKL1AS(NA),MIR941-1(NA),MIR941-2(NA),MIR941-3(NA),"
chr20,29703246,29808748,Amp,20q11.21,chr20:29703246-29808748(probes 807903:807946)    ,chr20:29766209-29771477(probes 807930:807931)    ,chr20:29376656-30935539(probes 807773:808441)    ,0.00034744,0.00034744,BCL2L1 [2],BCL2L1,,,0,16,175,263,35,0.0%,3.3%,35.8%,53.8%,7.2%,2,"TPX2(0.39),BCL2L1(0.39),"
chr20,45338887,45497265,Amp,20q13.12,chr20:45338887-45497265(probes 813824:813879)    ,chr20:45402401-45410450(probes 813856:813856)    ,chr20:45262868-45702192(probes 813791:813959)    ,0.00048869,0.00090361,ZMYND8 [2],ZMYND8,,,0,28,153,270,38,0.0%,5.7%,31.3%,55.2%,7.8%,2,"ZMYND8(0.31),LOC100131496(NA),"
chr22,28450357,28767355,Amp,22q12.2 ,chr22:28450357-28767355(probes 837155:837262)    ,chr22:28534094-28541405(probes 837199:837202)    ,chr22:28291839-29401322(probes 837091:837604)    ,0.00020761,0.00020761,MTMR3 [5],MTMR3,,,1,319,98,55,16,0.2%,65.2%,20.0%,11.2%,3.3%,5,"MTMR3(0.73),ASCC2(0.71),UCRC(0.69),ZMAT5(0.65),CABP7(0.15),"
